text,value
700 WWP  1440,700 WWP |  01440  
700 WWP  A214,700 WWP | A00214  
ANDERSON G304,ANDERSON| G00304  
ANDERSON G305,ANDERSON| G00305  
ANDERSON G313,ANDERSON| G00313  
ANDERSON G419,ANDERSON| G00419  
ANDERSON G503,ANDERSON| G00503  
BIO SCI  154,BIO SCI |  00154  
BIO SCI  210C,BIO SCI |  00210C 
BIO SCI  283,BIO SCI |  00283  
BIO SCI  301,BIO SCI |  00301  
BIO SCI  383,BIO SCI |  00383  
BIO SCI  401,BIO SCI |  00401  
BIO SCI  483,BIO SCI |  00483  
BIO SCI  501,BIO SCI |  00501  
BOELTER  1541,BOELTER |  01541  
BOELTER  1567,BOELTER |  01567  
BOELTER  1762B,BOELTER |  01762B 
BOELTER  1805,BOELTER |  01805  
BOELTER  2444,BOELTER |  02444  
BOELTER  2760,BOELTER |  02760  
BOELTER  2808,BOELTER |  02808  
BOELTER  3400,BOELTER |  03400  
BOELTER  3424,BOELTER |  03424  
BOELTER  3428,BOELTER |  03428  
BOELTER  3436,BOELTER |  03436  
BOELTER  3564,BOELTER |  03564  
BOELTER  3704,BOELTER |  03704  
BOELTER  3760,BOELTER |  03760  
BOELTER  4275,BOELTER |  04275  
BOELTER  4283,BOELTER |  04283  
BOELTER  4404,BOELTER |  04404  
BOELTER  4413,BOELTER |  04413  
BOELTER  4760,BOELTER |  04760  
BOELTER  5249,BOELTER |  05249  
BOELTER  5252,BOELTER |  05252  
BOELTER  5264,BOELTER |  05264  
BOELTER  5272,BOELTER |  05272  
BOELTER  5273,BOELTER |  05273  
BOELTER  5280,BOELTER |  05280  
BOELTER  5419,BOELTER |  05419  
BOELTER  5420,BOELTER |  05420  
BOELTER  5422,BOELTER |  05422  
BOELTER  5436,BOELTER |  05436  
BOELTER  5440,BOELTER |  05440  
BOELTER  5513,BOELTER |  05513  
BOELTER  5514,BOELTER |  05514  
BOELTER  5714,BOELTER |  05714  
BOELTER  6541,BOELTER |  06541  
BOELTER  6750,BOELTER |  06750  
BOELTER  7702,BOELTER |  07702  
BOELTER  7718,BOELTER |  07718  
BOELTER  7730,BOELTER |  07730  
BOELTER  7731,BOELTER |  07731  
BOELTER  7732,BOELTER |  07732  
BOELTER  7736,BOELTER |  07736  
BOELTER  7737,BOELTER |  07737  
BOELTER  7738,BOELTER |  07738  
BOELTER  7745,BOELTER |  07745  
BOELTER  7750,BOELTER |  07750  
BOELTER  8251,BOELTER |  08251  
BOELTER  8270,BOELTER |  08270  
BOELTER  8436,BOELTER |  08436  
BOELTER  8500,BOELTER |  08500  
BOELTER  9413,BOELTER |  09413  
BOELTER  9436,BOELTER |  09436  
BOTANY   107,BOTANY  |  00107  
BOTANY   109,BOTANY  |  00109  
BOTANY   133,BOTANY  |  00133  
BOTANY   220,BOTANY  |  00220  
BOTANY   325,BOTANY  |  00325  
BOTANY   328,BOTANY  |  00328  
BOYER    130,BOYER   |  00130  
BOYER    159,BOYER   |  00159  
BOYER    244,BOYER   |  00244  
BOYER    344,BOYER   |  00344  
BOYER    444,BOYER   |  00444  
BOYER    529,BOYER   |  00529  
BOYER    644,BOYER   |  00644  
BRADLEY  224,BRADLEY |  00224  
BRADLEY  300,BRADLEY |  00300  
BROAD    1145,BROAD   |  01145  
BROAD    1256,BROAD   |  01256  
BROAD    1275,BROAD   |  01275  
BROAD    2100A,BROAD   |  02100A 
BROAD    2100B,BROAD   |  02100B 
BROAD    2101,BROAD   |  02101  
BROAD    2122,BROAD   |  02122  
BROAD    2135,BROAD   |  02135  
BROAD    2160E,BROAD   |  02160E 
BROAD    2250,BROAD   |  02250  
BROAD    3246,BROAD   |  03246  
BROAD    3261,BROAD   |  03261  
BROAD    4220,BROAD   |  04220  
BROAD    4230,BROAD   |  04230  
BROAD    4240,BROAD   |  04240  
BROAD    4250,BROAD   |  04250  
BROAD    4258,BROAD   |  04258  
BROAD    6220,BROAD   |  06220  
BROAD    6230,BROAD   |  06230  
BROAD    6250,BROAD   |  06250  
BROAD    6260,BROAD   |  06260  
BROAD    7230,BROAD   |  07230  
BROAD    7240,BROAD   |  07240  
BROAD    7250,BROAD   |  07250  
BROAD    7260,BROAD   |  07260  
BUNCHE   1209B,BUNCHE  |  01209B 
BUNCHE   1221A,BUNCHE  |  01221A 
BUNCHE   1221B,BUNCHE  |  01221B 
BUNCHE   1221D,BUNCHE  |  01221D 
BUNCHE   1261,BUNCHE  |  01261  
BUNCHE   1265,BUNCHE  |  01265  
BUNCHE   2121,BUNCHE  |  02121  
BUNCHE   2150,BUNCHE  |  02150  
BUNCHE   2156,BUNCHE  |  02156  
BUNCHE   2160,BUNCHE  |  02160  
BUNCHE   2168,BUNCHE  |  02168  
BUNCHE   2173,BUNCHE  |  02173  
BUNCHE   2174,BUNCHE  |  02174  
BUNCHE   2178,BUNCHE  |  02178  
BUNCHE   2181,BUNCHE  |  02181  
BUNCHE   2209A,BUNCHE  |  02209A 
BUNCHE   2249,BUNCHE  |  02249  
BUNCHE   3117,BUNCHE  |  03117  
BUNCHE   3123,BUNCHE  |  03123  
BUNCHE   3143,BUNCHE  |  03143  
BUNCHE   3150,BUNCHE  |  03150  
BUNCHE   3153,BUNCHE  |  03153  
BUNCHE   3156,BUNCHE  |  03156  
BUNCHE   3157,BUNCHE  |  03157  
BUNCHE   3164,BUNCHE  |  03164  
BUNCHE   3170,BUNCHE  |  03170  
BUNCHE   3178,BUNCHE  |  03178  
BUNCHE   3211,BUNCHE  |  03211  
BUNCHE   3357,BUNCHE  |  03357  
BUNCHE   4276,BUNCHE  |  04276  
BUNCHE   4280,BUNCHE  |  04280  
BUNCHE   4357,BUNCHE  |  04357  
BUNCHE   5288,BUNCHE  |  05288  
BUNCHE   5391,BUNCHE  |  05391  
BUNCHE   6250,BUNCHE  |  06250  
BUNCHE   6265,BUNCHE  |  06265  
BUNCHE   6275,BUNCHE  |  06275  
BUNCHE   6299,BUNCHE  |  06299  
BUNCHE   6339,BUNCHE  |  06339  
BUNCHE   6345,BUNCHE  |  06345  
BUNCHE   7386,BUNCHE  |  07386  
BUNCHE   9294,BUNCHE  |  09294  
BUNCHE   9383,BUNCHE  |  09383  
BUNCHE   10383,BUNCHE  |  10383  
BUNCHE   11372,BUNCHE  |  11372  
BUNCHE   A152,BUNCHE  | A00152  
BUNCHE   A162,BUNCHE  | A00162  
BUNCHE   A163,BUNCHE  | A00163  
CAMPBEL  1224,CAMPBEL |  01224  
CAMPBEL  2101K,CAMPBEL |  02101K 
CAMPBEL  2122A,CAMPBEL |  02122A 
CAMPBEL  2122B,CAMPBEL |  02122B 
CAMPBEL  2210D,CAMPBEL |  02210D 
CAMPBEL  2210F,CAMPBEL |  02210F 
CAMPBEL  3103D,CAMPBEL |  03103D 
CAMPBEL  3221,CAMPBEL |  03221  
CAMPBEL  3232,CAMPBEL |  03232  
CARNESL  212A,CARNESL |  00212A 
CARNESL  218,CARNESL |  00218  
CARNESL  SP206,CARNESL |SP00206  
CNSI     146,CNSI    |  00146  
CNSI     5200,CNSI    |  05200  
CNYN PT  F401,CNYN PT | F00401  
COLLINS  A201,COLLINS | A00201  
COLLINS  A301,COLLINS | A00301  
COLLINS  A416,COLLINS | A00416  
CORNELL  D301,CORNELL | D00301  
CORNELL  D303,CORNELL | D00303  
CORNELL  D307,CORNELL | D00307  
CORNELL  D310,CORNELL | D00310  
CORNELL  D311,CORNELL | D00311  
CORNELL  D312,CORNELL | D00312  
CORNELL  D313,CORNELL | D00313  
CORNELL  D414,CORNELL | D00414  
COVEL    210,COVEL   |  00210  
COVEL    218,COVEL   |  00218  
COVEL    225,COVEL   |  00225  
COVEL    229,COVEL   |  00229  
DE NEVE  P115,DE NEVE | P00115  
DE NEVE  P154,DE NEVE | P00154  
DE NEVE  P215K,DE NEVE | P00215K 
DE NEVE  P345,DE NEVE | P00345  
DE NEVE  P349,DE NEVE | P00349  
DE NEVE  P350,DE NEVE | P00350  
DE NEVE  P353B,DE NEVE | P00353B 
DENT     13041,DENT    |  13041  
DENT     23029,DENT    |  23029  
DENT     A3011,DENT    | A03011  
DENT     A3029,DENT    | A03029  
DENT     A3089,DENT    | A03089  
DENT     B148,DENT    | B00148  
DENT     B3020,DENT    | B03020  
DODD     52,DODD    |  00052  
DODD     67,DODD    |  00067  
DODD     78,DODD    |  00078  
DODD     121,DODD    |  00121  
DODD     146,DODD    |  00146  
DODD     147,DODD    |  00147  
DODD     154,DODD    |  00154  
DODD     161,DODD    |  00161  
DODD     162,DODD    |  00162  
DODD     167,DODD    |  00167  
DODD     170,DODD    |  00170  
DODD     175,DODD    |  00175  
DODD     178,DODD    |  00178  
DODD     200C,DODD    |  00200C 
DODD     220,DODD    |  00220  
DODD     232,DODD    |  00232  
DODD     247,DODD    |  00247  
DODD     248,DODD    |  00248  
DODD     275,DODD    |  00275  
DODD     325,DODD    |  00325  
DODD     374,DODD    |  00374  
DODD     399,DODD    |  00399  
ENGR IV  14118,ENGR IV |  14118  
ENGR IV  14131B,ENGR IV |  14131B 
ENGR IV  15139,ENGR IV |  15139  
ENGR IV  18132,ENGR IV |  18132  
ENGR IV  18132J,ENGR IV |  18132J 
ENGR IV  33128,ENGR IV |  33128  
ENGR IV  38138,ENGR IV |  38138  
ENGR IV  38138A,ENGR IV |  38138A 
ENGR IV  43116,ENGR IV |  43116  
ENGR IV  44110,ENGR IV |  44110  
ENGR IV  47124,ENGR IV |  47124  
ENGR IV  48121,ENGR IV |  48121  
ENGR IV  53125,ENGR IV |  53125  
ENGR IV  53133,ENGR IV |  53133  
ENGR IV  54134,ENGR IV |  54134  
ENGR IV  63134,ENGR IV |  63134  
ENGR IV  64132,ENGR IV |  64132  
ENGR V   1010,ENGR V  |  01010  
ENGR V   1230,ENGR V  |  01230  
ENGR V   2101,ENGR V  |  02101  
ENGR V   3129,ENGR V  |  03129  
ENGR V   4101,ENGR V  |  04101  
ENGR V   5101,ENGR V  |  05101  
ENGR VI  134,ENGR VI |  00134  
ENGR VI  134A,ENGR VI |  00134A 
ENGR VI  134B,ENGR VI |  00134B 
ENGR VI  ML0C,ENGR VI |ML00000C 
ENTRPNR  C301,ENTRPNR | C00301  
ENTRPNR  C303,ENTRPNR | C00303  
ENTRPNR  C314,ENTRPNR | C00314  
ENTRPNR  C315,ENTRPNR | C00315  
FACTOR   2539,FACTOR  |  02539  
FACTOR   2648,FACTOR  |  02648  
FACTOR   3148,FACTOR  |  03148  
FACTOR   3250,FACTOR  |  03250  
FACTOR   3637,FACTOR  |  03637  
FACTOR   3648,FACTOR  |  03648  
FACTOR   4145,FACTOR  |  04145  
FACTOR   4147A,FACTOR  |  04147A 
FACTOR   4650,FACTOR  |  04650  
FACTOR   4662,FACTOR  |  04662  
FACTOR   5150,FACTOR  |  05150  
FACTOR   5235,FACTOR  |  05235  
FACTOR   5242,FACTOR  |  05242  
FACTOR   5255,FACTOR  |  05255  
FACTOR   5636,FACTOR  |  05636  
FACTOR   5638,FACTOR  |  05638  
FACTOR   5642,FACTOR  |  05642  
FACTOR   A660A,FACTOR  | A00660A 
FERNALD  100,FERNALD |  00100  
FOWLER   0DR,FOWLER  |  00000DR
FOWLER   2450,FOWLER  |  02450  
FOWLER   A103B,FOWLER  | A00103B 
FOWLER   A139,FOWLER  | A00139  
FOWLER   A163,FOWLER  | A00163  
FOWLER   A222,FOWLER  | A00222  
FOWLER   A312,FOWLER  | A00312  
FOWLER   A419,FOWLER  | A00419  
FRANZ    1178,FRANZ   |  01178  
FRANZ    1229,FRANZ   |  01229  
FRANZ    1260,FRANZ   |  01260  
FRANZ    1354,FRANZ   |  01354  
FRANZ    1543,FRANZ   |  01543  
FRANZ    1571,FRANZ   |  01571  
FRANZ    2180,FRANZ   |  02180  
FRANZ    2220,FRANZ   |  02220  
FRANZ    2221,FRANZ   |  02221  
FRANZ    2227,FRANZ   |  02227  
FRANZ    2232,FRANZ   |  02232  
FRANZ    2258A,FRANZ   |  02258A 
FRANZ    2268,FRANZ   |  02268  
FRANZ    2288,FRANZ   |  02288  
FRANZ    2322,FRANZ   |  02322  
FRANZ    2329,FRANZ   |  02329  
FRANZ    2434,FRANZ   |  02434  
FRANZ    2527,FRANZ   |  02527  
FRANZ    2567E,FRANZ   |  02567E 
FRANZ    3165,FRANZ   |  03165  
FRANZ    3183,FRANZ   |  03183  
FRANZ    3221,FRANZ   |  03221  
FRANZ    3243,FRANZ   |  03243  
FRANZ    3257,FRANZ   |  03257  
FRANZ    3258,FRANZ   |  03258  
FRANZ    3290,FRANZ   |  03290  
FRANZ    3291,FRANZ   |  03291  
FRANZ    3312,FRANZ   |  03312  
FRANZ    3316,FRANZ   |  03316  
FRANZ    3351,FRANZ   |  03351  
FRANZ    3423,FRANZ   |  03423  
FRANZ    3435,FRANZ   |  03435  
FRANZ    3534,FRANZ   |  03534  
FRANZ    3538H,FRANZ   |  03538H 
FRANZ    3587,FRANZ   |  03587  
FRANZ    3621C,FRANZ   |  03621C 
FRANZ    4427,FRANZ   |  04427  
FRANZ    4441B,FRANZ   |  04441B 
FRANZ    4537,FRANZ   |  04537  
FRANZ    4574,FRANZ   |  04574  
FRANZ    5454,FRANZ   |  05454  
FRANZ    5461,FRANZ   |  05461  
FRANZ    5532B,FRANZ   |  05532B 
FRANZ    6423,FRANZ   |  06423  
FRANZ    6461,FRANZ   |  06461  
FRANZ    6550,FRANZ   |  06550  
FRANZ    7425,FRANZ   |  07425  
FRANZ    7437,FRANZ   |  07437  
FRANZ    7531,FRANZ   |  07531  
FRANZ    7626,FRANZ   |  07626  
FRANZ    8461C,FRANZ   |  08461C 
FRANZ    8581,FRANZ   |  08581  
FRANZ    A191B,FRANZ   | A00191B 
FRANZ    A225,FRANZ   | A00225  
FRANZ    A258,FRANZ   | A00258  
FRANZ    A258A,FRANZ   | A00258A 
FRANZ    A279,FRANZ   | A00279  
FRANZ    A347,FRANZ   | A00347  
FRANZ    A456,FRANZ   | A00456  
FRANZ    A461,FRANZ   | A00461  
FRANZ    A613,FRANZ   | A00613  
FRANZ    B439,FRANZ   | B00439  
FRANZ    C533,FRANZ   | C00533  
GEFFENHL 150,GEFFENHL|  00150  
GEFFENHL 207,GEFFENHL|  00207  
GEFFENHL B13,GEFFENHL| B00013  
GEOLOGY  1707,GEOLOGY |  01707  
GEOLOGY  3614,GEOLOGY |  03614  
GEOLOGY  3645,GEOLOGY |  03645  
GEOLOGY  3656,GEOLOGY |  03656  
GEOLOGY  3657,GEOLOGY |  03657  
GEOLOGY  3820,GEOLOGY |  03820  
GEOLOGY  4641,GEOLOGY |  04641  
GEOLOGY  4645,GEOLOGY |  04645  
GEOLOGY  4653,GEOLOGY |  04653  
GEOLOGY  4660,GEOLOGY |  04660  
GEOLOGY  4677,GEOLOGY |  04677  
GEOLOGY  4691,GEOLOGY |  04691  
GEOLOGY  5638,GEOLOGY |  05638  
GEOLOGY  5644,GEOLOGY |  05644  
GEOLOGY  5655,GEOLOGY |  05655  
GEOLOGY  5681,GEOLOGY |  05681  
GEOLOGY  6704,GEOLOGY |  06704  
GEOLOGY  B707,GEOLOGY | B00707  
GOLD     B117,GOLD    | B00117  
GOLD     B208X,GOLD    | B00208X 
GOLD     B301,GOLD    | B00301  
GOLD     B308,GOLD    | B00308  
GOLD     B312,GOLD    | B00312  
GOLD     B313,GOLD    | B00313  
GOLD     B413,GOLD    | B00413  
GONDA    1357,GONDA   |  01357  
GONDA    2303,GONDA   |  02303  
GONDA    3303,GONDA   |  03303  
GONDA    4303,GONDA   |  04303  
GONDA    5303,GONDA   |  05303  
GONDA    6303,GONDA   |  06303  
GSEIS    102,GSEIS   |  00102  
GSEIS    111,GSEIS   |  00111  
GSEIS    118,GSEIS   |  00118  
GSEIS    121,GSEIS   |  00121  
GSEIS    202,GSEIS   |  00202  
GSEIS    228,GSEIS   |  00228  
GSEIS    245,GSEIS   |  00245  
HAINES   39,HAINES  |  00039  
HAINES   102,HAINES  |  00102  
HAINES   110,HAINES  |  00110  
HAINES   118,HAINES  |  00118  
HAINES   122,HAINES  |  00122  
HAINES   153,HAINES  |  00153  
HAINES   179,HAINES  |  00179  
HAINES   215,HAINES  |  00215  
HAINES   220,HAINES  |  00220  
HAINES   279,HAINES  |  00279  
HAINES   310,HAINES  |  00310  
HAINES   314,HAINES  |  00314  
HAINES   332,HAINES  |  00332  
HAINES   350,HAINES  |  00350  
HAINES   352,HAINES  |  00352  
HAINES   A2,HAINES  | A00002  
HAINES   A6,HAINES  | A00006  
HAINES   A18,HAINES  | A00018  
HAINES   A20,HAINES  | A00020  
HAINES   A24,HAINES  | A00024  
HAINES   A25,HAINES  | A00025  
HAINES   A28,HAINES  | A00028  
HAINES   A33,HAINES  | A00033  
HAINES   A37,HAINES  | A00037  
HAINES   A44,HAINES  | A00044  
HAINES   A74,HAINES  | A00074  
HAINES   A76,HAINES  | A00076  
HAINES   A78,HAINES  | A00078  
HAINES   A82,HAINES  | A00082  
HEDRICK  115,HEDRICK |  00115  
HEDRICK  134,HEDRICK |  00134  
HERSHEY  148,HERSHEY |  00148  
HERSHEY  150,HERSHEY |  00150  
HERSHEY  158,HERSHEY |  00158  
HERSHEY  164,HERSHEY |  00164  
HERSHEY  168,HERSHEY |  00168  
HITCH    100,HITCH   |  00100  
HITCH    A11,HITCH   | A00011  
HLTHSCI  12077D,HLTHSCI |  12077D 
HLTHSCI  12077X,HLTHSCI |  12077X 
HLTHSCI  13105A,HLTHSCI |  13105A 
HLTHSCI  13265,HLTHSCI |  13265  
HLTHSCI  14214U,HLTHSCI |  14214U 
HLTHSCI  16145,HLTHSCI |  16145  
HLTHSCI  16154,HLTHSCI |  16154  
HLTHSCI  17187,HLTHSCI |  17187  
HLTHSCI  17256,HLTHSCI |  17256  
HLTHSCI  17323,HLTHSCI |  17323  
HLTHSCI  17364,HLTHSCI |  17364  
HLTHSCI  22096,HLTHSCI |  22096  
HLTHSCI  23105A,HLTHSCI |  23105A 
HLTHSCI  24132,HLTHSCI |  24132  
HLTHSCI  33105A,HLTHSCI |  33105A 
HLTHSCI  33245,HLTHSCI |  33245  
HLTHSCI  43105A,HLTHSCI |  43105A 
HLTHSCI  51279,HLTHSCI |  51279  
HLTHSCI  52087,HLTHSCI |  52087  
HLTHSCI  53105A,HLTHSCI |  53105A 
HLTHSCI  63105A,HLTHSCI |  63105A 
HLTHSCI  63127,HLTHSCI |  63127  
HLTHSCI  63214,HLTHSCI |  63214  
HLTHSCI  72181,HLTHSCI |  72181  
HLTHSCI  73105A,HLTHSCI |  73105A 
HLTHSCI  73167A,HLTHSCI |  73167A 
HLTHSCI  73235,HLTHSCI |  73235  
HLTHSCI  73240,HLTHSCI |  73240  
HLTHSCI  A2125,HLTHSCI | A02125  
HLTHSCI  A2342,HLTHSCI | A02342  
HLTHSCI  B2161,HLTHSCI | B02161  
HLTHSCI  B8225,HLTHSCI | B08225  
HLTHSCI  BH173,HLTHSCI |BH00173  
HLTHSCI  BL420,HLTHSCI |BL00420  
HLTHSCI  IP151,HLTHSCI |IP00151  
HUMANTS  109,HUMANTS |  00109  
HUMANTS  135,HUMANTS |  00135  
HUMANTS  136,HUMANTS |  00136  
HUMANTS  169,HUMANTS |  00169  
HUMANTS  222B,HUMANTS |  00222B 
HUMANTS  305,HUMANTS |  00305  
HUMANTS  307,HUMANTS |  00307  
HUMANTS  311,HUMANTS |  00311  
HUMANTS  348,HUMANTS |  00348  
HUMANTS  367,HUMANTS |  00367  
HUMANTS  370,HUMANTS |  00370  
HUMANTS  372,HUMANTS |  00372  
HUMANTS  376C,HUMANTS |  00376C 
HUMANTS  380,HUMANTS |  00380  
HUMANTS  A26,HUMANTS | A00026  
HUMANTS  A30,HUMANTS | A00030  
HUMANTS  A32,HUMANTS | A00032  
HUMANTS  A40,HUMANTS | A00040  
HUMANTS  A46,HUMANTS | A00046  
HUMANTS  A48,HUMANTS | A00048  
HUMANTS  A51,HUMANTS | A00051  
HUMANTS  A56,HUMANTS | A00056  
HUMANTS  A60,HUMANTS | A00060  
HUMANTS  A65,HUMANTS | A00065  
HUMANTS  A66,HUMANTS | A00066  
HUMANTS  A68,HUMANTS | A00068  
HUMANTS  A82,HUMANTS | A00082  
JWEST    0GP,JWEST   |  00000GP
KAPLAN   109,KAPLAN  |  00109  
KAPLAN   126A,KAPLAN  |  00126A 
KAPLAN   135,KAPLAN  |  00135  
KAPLAN   169,KAPLAN  |  00169  
KAPLAN   222B,KAPLAN  |  00222B 
KAPLAN   304,KAPLAN  |  00304  
KAPLAN   305,KAPLAN  |  00305  
KAPLAN   307,KAPLAN  |  00307  
KAPLAN   311,KAPLAN  |  00311  
KAPLAN   318,KAPLAN  |  00318  
KAPLAN   348,KAPLAN  |  00348  
KAPLAN   365,KAPLAN  |  00365  
KAPLAN   367,KAPLAN  |  00367  
KAPLAN   372,KAPLAN  |  00372  
KAPLAN   A6,KAPLAN  | A00006  
KAPLAN   A26,KAPLAN  | A00026  
KAPLAN   A30,KAPLAN  | A00030  
KAPLAN   A32,KAPLAN  | A00032  
KAPLAN   A40,KAPLAN  | A00040  
KAPLAN   A46,KAPLAN  | A00046  
KAPLAN   A48,KAPLAN  | A00048  
KAPLAN   A51,KAPLAN  | A00051  
KAPLAN   A56,KAPLAN  | A00056  
KAPLAN   A60,KAPLAN  | A00060  
KAPLAN   A65,KAPLAN  | A00065  
KAPLAN   A66,KAPLAN  | A00066  
KAPLAN   A68,KAPLAN  | A00068  
KAUFMAN  101,KAUFMAN |  00101  
KAUFMAN  136,KAUFMAN |  00136  
KAUFMAN  145,KAUFMAN |  00145  
KAUFMAN  153,KAUFMAN |  00153  
KAUFMAN  160,KAUFMAN |  00160  
KAUFMAN  180,KAUFMAN |  00180  
KAUFMAN  200,KAUFMAN |  00200  
KAUFMAN  208,KAUFMAN |  00208  
KAUFMAN  214,KAUFMAN |  00214  
KAUFMAN  230,KAUFMAN |  00230  
KAUFMAN  240,KAUFMAN |  00240  
KAUFMAN  250,KAUFMAN |  00250  
KAUFMAN  1000,KAUFMAN |  01000  
KNSY PV  1200B,KNSY PV |  01200B 
KNSY PV  1220B,KNSY PV |  01220B 
KNSY PV  1240B,KNSY PV |  01240B 
KNUDSEN  1116,KNUDSEN |  01116  
KNUDSEN  1134,KNUDSEN |  01134  
KNUDSEN  1152,KNUDSEN |  01152  
KNUDSEN  1210,KNUDSEN |  01210  
KNUDSEN  1238,KNUDSEN |  01238  
KNUDSEN  2115,KNUDSEN |  02115  
KNUDSEN  2122,KNUDSEN |  02122  
KNUDSEN  2136,KNUDSEN |  02136  
KNUDSEN  3145L,KNUDSEN |  03145L 
KNUDSEN  3171,KNUDSEN |  03171  
KNUDSEN  4134,KNUDSEN |  04134  
KNUDSEN  4173,KNUDSEN |  04173  
KNUDSEN  6107,KNUDSEN |  06107  
KNUDSEN  6129,KNUDSEN |  06129  
KNUDSEN  A137,KNUDSEN | A00137  
KORN     C314,KORN    | C00314  
LAKRETZ  100,LAKRETZ |  00100  
LAKRETZ  101,LAKRETZ |  00101  
LAKRETZ  110,LAKRETZ |  00110  
LAKRETZ  120,LAKRETZ |  00120  
LAKRETZ  300A,LAKRETZ |  00300A 
LAW      1102,LAW     |  01102  
LAW      1310,LAW     |  01310  
LAW      1314,LAW     |  01314  
LAW      1327,LAW     |  01327  
LAW      1337,LAW     |  01337  
LAW      1347,LAW     |  01347  
LAW      1357,LAW     |  01357  
LAW      1420,LAW     |  01420  
LAW      1430,LAW     |  01430  
LAW      1447,LAW     |  01447  
LAW      1457,LAW     |  01457  
LAW      2326,LAW     |  02326  
LAW      2357,LAW     |  02357  
LAW      2442,LAW     |  02442  
LAW      2448,LAW     |  02448  
LAW      2467,LAW     |  02467  
LAW      2473,LAW     |  02473  
LAW      2476,LAW     |  02476  
LAW      2477,LAW     |  02477  
LAW      2483,LAW     |  02483  
LAW      2484,LAW     |  02484  
LAW      3211A,LAW     |  03211A 
LAW      3393,LAW     |  03393  
LAW      3467,LAW     |  03467  
LAW      3473,LAW     |  03473  
LAW      3483,LAW     |  03483  
LAW      3484,LAW     |  03484  
LAW      A122,LAW     | A00122  
LKGP     100,LKGP    |  00100  
LKGP     101,LKGP    |  00101  
LS       1113,LS      |  01113  
LS       1123,LS      |  01123  
LS       1230,LS      |  01230  
LS       1315,LS      |  01315  
LS       1362,LS      |  01362  
LS       2127,LS      |  02127  
LS       2226,LS      |  02226  
LS       2306,LS      |  02306  
LS       2320,LS      |  02320  
LS       2325,LS      |  02325  
LS       2335,LS      |  02335  
LS       2365,LS      |  02365  
LS       2822,LS      |  02822  
LS       3314,LS      |  03314  
LS       3324,LS      |  03324  
LS       3326,LS      |  03326  
LS       4127,LS      |  04127  
LS       5236,LS      |  05236  
LS       5309,LS      |  05309  
LS       5312,LS      |  05312  
LS       5323,LS      |  05323  
LS       5328,LS      |  05328  
LS       5818,LS      |  05818  
LS       5826,LS      |  05826  
LS       5908,LS      |  05908  
LS       5926,LS      |  05926  
LS       5929,LS      |  05929  
LS       A830,LS      | A00830  
MACDNLD  1441,MACDNLD |  01441  
MACDNLD  2740,MACDNLD |  02740  
MACDNLD  3248,MACDNLD |  03248  
MACGOWN  1165,MACGOWN |  01165  
MACGOWN  1200B,MACGOWN |  01200B 
MACGOWN  1220,MACGOWN |  01220  
MACGOWN  1330,MACGOWN |  01330  
MACGOWN  1340,MACGOWN |  01340  
MACGOWN  1350,MACGOWN |  01350  
MACGOWN  2203,MACGOWN |  02203  
MACGOWN  2204B,MACGOWN |  02204B 
MACGOWN  2217,MACGOWN |  02217  
MACGOWN  2310B,MACGOWN |  02310B 
MACGOWN  2310C,MACGOWN |  02310C 
MACGOWN  2330,MACGOWN |  02330  
MACGOWN  3312,MACGOWN |  03312  
MCGWN E  101,MCGWN E |  00101  
MCGWN E  102,MCGWN E |  00102  
MCGWN E  103,MCGWN E |  00103  
MDCC     12407,MDCC    |  12407  
MDCC     A2342,MDCC    | A02342  
MELNITZ  1409,MELNITZ |  01409  
MELNITZ  1410A,MELNITZ |  01410A 
MELNITZ  1422A,MELNITZ |  01422A 
MELNITZ  1439A,MELNITZ |  01439A 
MELNITZ  1441,MELNITZ |  01441  
MELNITZ  1446A,MELNITZ |  01446A 
MELNITZ  1451B,MELNITZ |  01451B 
MELNITZ  1462A,MELNITZ |  01462A 
MELNITZ  1470,MELNITZ |  01470  
MELNITZ  1473A,MELNITZ |  01473A 
MELNITZ  2410,MELNITZ |  02410  
MELNITZ  2457,MELNITZ |  02457  
MELNITZ  2471,MELNITZ |  02471  
MELNITZ  2474,MELNITZ |  02474  
MELNITZ  2479,MELNITZ |  02479  
MELNITZ  2487,MELNITZ |  02487  
MELNITZ  2534,MELNITZ |  02534  
MELNITZ  2536,MELNITZ |  02536  
MELNITZ  2544,MELNITZ |  02544  
MELNITZ  2558,MELNITZ |  02558  
MELNITZ  2568B,MELNITZ |  02568B 
MELNITZ  2585,MELNITZ |  02585  
MELNITZ  2586B,MELNITZ |  02586B 
MELNITZ  2589,MELNITZ |  02589  
MELNITZ  A405,MELNITZ | A00405  
MNOUKIAN 1208,MNOUKIAN|  01208  
MOL SCI  1434,MOL SCI |  01434  
MOL SCI  1601,MOL SCI |  01601  
MOL SCI  3440,MOL SCI |  03440  
MOL SCI  3515,MOL SCI |  03515  
MOL SCI  5241,MOL SCI |  05241  
MOORE    100,MOORE   |  00100  
MOORE    1003,MOORE   |  01003  
MOORE    1041,MOORE   |  01041  
MOORE    1048,MOORE   |  01048  
MOORE    2011A,MOORE   |  02011A 
MOORE    2016,MOORE   |  02016  
MOORE    2120,MOORE   |  02120  
MOORE    2137,MOORE   |  02137  
MOORE    2320,MOORE   |  02320  
MOORE    3021,MOORE   |  03021  
MOORE    3026,MOORE   |  03026  
MOORE    3027,MOORE   |  03027  
MOORE    3030,MOORE   |  03030  
MOORE    3034,MOORE   |  03034  
MOORE    3120,MOORE   |  03120  
MOORE    3140,MOORE   |  03140  
MOORE    3320,MOORE   |  03320  
MOORE    3340,MOORE   |  03340  
MP 200   B265,MP 200  | B00265  
MP 300   1208,MP 300  |  01208  
MP 300   3200,MP 300  |  03200  
MP 300   B500,MP 300  | B00500  
MS       1000B,MS      |  01000B 
MS       2000,MS      |  02000  
MS       3915A,MS      |  03915A 
MS       3915D,MS      |  03915D 
MS       3915G,MS      |  03915G 
MS       3915H,MS      |  03915H 
MS       3974,MS      |  03974  
MS       4000A,MS      |  04000A 
MS       4202,MS      |  04202  
MS       5117,MS      |  05117  
MS       5118,MS      |  05118  
MS       5127,MS      |  05127  
MS       5128,MS      |  05128  
MS       5137,MS      |  05137  
MS       5138,MS      |  05138  
MS       5147,MS      |  05147  
MS       5148,MS      |  05148  
MS       5200,MS      |  05200  
MS       5203,MS      |  05203  
MS       5217,MS      |  05217  
MS       5225,MS      |  05225  
MS       5233,MS      |  05233  
MS       6118,MS      |  06118  
MS       6201,MS      |  06201  
MS       6221,MS      |  06221  
MS       6229,MS      |  06229  
MS       6627,MS      |  06627  
MS       7101,MS      |  07101  
MS       7121,MS      |  07121  
MS       7124,MS      |  07124  
MS       7124A,MS      |  07124A 
MS       7124B,MS      |  07124B 
MS       7608,MS      |  07608  
MS       8361,MS      |  08361  
MS       8941,MS      |  08941  
MS       8964,MS      |  08964  
MS       8983,MS      |  08983  
MURPHY   1215,MURPHY  |  01215  
MURPHY   2121,MURPHY  |  02121  
MURPHY   A316,MURPHY  | A00316  
MURPHY   A334,MURPHY  | A00334  
NEUROSC  368,NEUROSC |  00368  
NEUROSC  27200C,NEUROSC |  27200C 
NWAUD    101A,NWAUD   |  00101A 
OHRC     301,OHRC    |  00301  
OHRC     383,OHRC    |  00383  
OHRC     401,OHRC    |  00401  
OHRC     501,OHRC    |  00501  
ONLINE   0AS,ONLINE  |  00000AS
ONLINE   0LA,ONLINE  |  00000LA
ONLINE   0RE,ONLINE  |  00000RE
ONLINE   IL0TI,ONLINE  |IL00000TI
OSTIN    110A,OSTIN   |  00110A 
OSTIN    165,OSTIN   |  00165  
OSTIN    B105,OSTIN   | B00105  
PAB      1425,PAB     |  01425  
PAB      1434A,PAB     |  01434A 
PAB      1749,PAB     |  01749  
PAB      2434,PAB     |  02434  
PAB      2748,PAB     |  02748  
PAB      3326,PAB     |  03326  
PAB      3735,PAB     |  03735  
PAB      4330,PAB     |  04330  
PAB      4708,PAB     |  04708  
PAB      4740,PAB     |  04740  
PERLOFF  1102,PERLOFF |  01102  
PERLOFF  1118A,PERLOFF |  01118A 
PERLOFF  1209B,PERLOFF |  01209B 
PERLOFF  1220,PERLOFF |  01220  
PERLOFF  1224,PERLOFF |  01224  
PERLOFF  1243A,PERLOFF |  01243A 
PERLOFF  1243B,PERLOFF |  01243B 
PERLOFF  1243C,PERLOFF |  01243C 
PERLOFF  B309,PERLOFF | B00309  
PERLOFF  B320,PERLOFF | B00320  
POWELL   186,POWELL  |  00186  
POWELL   228,POWELL  |  00228  
POWELL   238,POWELL  |  00238  
POWELL   270,POWELL  |  00270  
POWELL   285,POWELL  |  00285  
POWELL   307,POWELL  |  00307  
POWELL   320,POWELL  |  00320  
POWELL   320B,POWELL  |  00320B 
POWELL   330,POWELL  |  00330  
PRITZKER 1521,PRITZKER|  01521  
PRITZKER 1531,PRITZKER|  01531  
PRITZKER 2506,PRITZKER|  02506  
PRITZKER 2531,PRITZKER|  02531  
PRITZKER 2541,PRITZKER|  02541  
PRITZKER 3509,PRITZKER|  03509  
PRITZKER 3513,PRITZKER|  03513  
PRITZKER 3517,PRITZKER|  03517  
PRITZKER 3535,PRITZKER|  03535  
PRITZKER 3571,PRITZKER|  03571  
PRITZKER 3572,PRITZKER|  03572  
PRITZKER 3581,PRITZKER|  03581  
PRITZKER 4513,PRITZKER|  04513  
PRITZKER 5501,PRITZKER|  05501  
PRITZKER 5505,PRITZKER|  05505  
PRITZKER 5509,PRITZKER|  05509  
PRITZKER 5513,PRITZKER|  05513  
PRITZKER 6513,PRITZKER|  06513  
PRITZKER 7513,PRITZKER|  07513  
PRITZKER 7567,PRITZKER|  07567  
PRITZKER 8581,PRITZKER|  08581  
PUB AFF  1015A,PUB AFF |  01015A 
PUB AFF  1023,PUB AFF |  01023  
PUB AFF  1040,PUB AFF |  01040  
PUB AFF  1222,PUB AFF |  01222  
PUB AFF  1234,PUB AFF |  01234  
PUB AFF  1246,PUB AFF |  01246  
PUB AFF  1256,PUB AFF |  01256  
PUB AFF  1264,PUB AFF |  01264  
PUB AFF  1270,PUB AFF |  01270  
PUB AFF  1278,PUB AFF |  01278  
PUB AFF  1284,PUB AFF |  01284  
PUB AFF  1323,PUB AFF |  01323  
PUB AFF  1329,PUB AFF |  01329  
PUB AFF  1337,PUB AFF |  01337  
PUB AFF  1343,PUB AFF |  01343  
PUB AFF  1400,PUB AFF |  01400  
PUB AFF  2035B,PUB AFF |  02035B 
PUB AFF  2035H,PUB AFF |  02035H 
PUB AFF  2214,PUB AFF |  02214  
PUB AFF  2232,PUB AFF |  02232  
PUB AFF  2238,PUB AFF |  02238  
PUB AFF  2242,PUB AFF |  02242  
PUB AFF  2250,PUB AFF |  02250  
PUB AFF  2270,PUB AFF |  02270  
PUB AFF  2278,PUB AFF |  02278  
PUB AFF  2284,PUB AFF |  02284  
PUB AFF  2292,PUB AFF |  02292  
PUB AFF  2317,PUB AFF |  02317  
PUB AFF  2319,PUB AFF |  02319  
PUB AFF  2325,PUB AFF |  02325  
PUB AFF  2333,PUB AFF |  02333  
PUB AFF  2343,PUB AFF |  02343  
PUB AFF  2355,PUB AFF |  02355  
PUB AFF  2400,PUB AFF |  02400  
PUB AFF  2400A,PUB AFF |  02400A 
PUB AFF  2500,PUB AFF |  02500  
PUB AFF  3320A,PUB AFF |  03320A 
PUB AFF  3343,PUB AFF |  03343  
PUB AFF  4240,PUB AFF |  04240  
PUB AFF  4240A,PUB AFF |  04240A 
PUB AFF  4320A,PUB AFF |  04320A 
PUB AFF  4320B,PUB AFF |  04320B 
PUB AFF  4355,PUB AFF |  04355  
PUB AFF  4357,PUB AFF |  04357  
PUB AFF  4371,PUB AFF |  04371  
PUB AFF  4375,PUB AFF |  04375  
PUB AFF  5273,PUB AFF |  05273  
PUB AFF  5344,PUB AFF |  05344  
PUB AFF  5391,PUB AFF |  05391  
PUB AFF  6223,PUB AFF |  06223  
PUB AFF  6232,PUB AFF |  06232  
PUB AFF  6274,PUB AFF |  06274  
PUB AFF  6362,PUB AFF |  06362  
PUB HLT  31262,PUB HLT |  31262  
PUB HLT  36070A,PUB HLT |  36070A 
PUB HLT  41235,PUB HLT |  41235  
PUB HLT  41268,PUB HLT |  41268  
PUB HLT  51279,PUB HLT |  51279  
PUB HLT  56059,PUB HLT |  56059  
PUB HLT  61235,PUB HLT |  61235  
PUB HLT  61262,PUB HLT |  61262  
PUB HLT  61269,PUB HLT |  61269  
PUB HLT  71257,PUB HLT |  71257  
PUB HLT  A1125,PUB HLT | A01125  
PUB HLT  A1241,PUB HLT | A01241  
PUB HLT  A1279,PUB HLT | A01279  
PUB HLT  A2125,PUB HLT | A02125  
PVUB     1400K,PVUB    |  01400K 
PVUB     2339B,PVUB    |  02339B 
REED     B106,REED    | B00106  
REED     C128,REED    | C00128  
RIEBER   115A,RIEBER  |  00115A 
ROLFE    1200,ROLFE   |  01200  
ROLFE    1301,ROLFE   |  01301  
ROLFE    2117,ROLFE   |  02117  
ROLFE    2118,ROLFE   |  02118  
ROLFE    2125,ROLFE   |  02125  
ROLFE    2201,ROLFE   |  02201  
ROLFE    2303,ROLFE   |  02303  
ROLFE    2310,ROLFE   |  02310  
ROLFE    2325,ROLFE   |  02325  
ROLFE    3105,ROLFE   |  03105  
ROLFE    3108,ROLFE   |  03108  
ROLFE    3115,ROLFE   |  03115  
ROLFE    3116,ROLFE   |  03116  
ROLFE    3120,ROLFE   |  03120  
ROLFE    3121,ROLFE   |  03121  
ROLFE    3126,ROLFE   |  03126  
ROLFE    3129,ROLFE   |  03129  
ROLFE    3134,ROLFE   |  03134  
ROLFE    3135,ROLFE   |  03135  
ROLFE    4302,ROLFE   |  04302  
ROLFE    4330,ROLFE   |  04330  
ROSNFLD  E214,ROSNFLD | E00214  
ROYCE    148,ROYCE   |  00148  
ROYCE    150,ROYCE   |  00150  
ROYCE    152,ROYCE   |  00152  
ROYCE    154,ROYCE   |  00154  
ROYCE    156,ROYCE   |  00156  
ROYCE    160,ROYCE   |  00160  
ROYCE    162,ROYCE   |  00162  
ROYCE    164,ROYCE   |  00164  
ROYCE    166,ROYCE   |  00166  
ROYCE    190,ROYCE   |  00190  
ROYCE    236,ROYCE   |  00236  
ROYCE    246B,ROYCE   |  00246B 
ROYCE    268B,ROYCE   |  00268B 
ROYCE    276B,ROYCE   |  00276B 
ROYCE    280A,ROYCE   |  00280A 
ROYCE    306,ROYCE   |  00306  
ROYCE    332,ROYCE   |  00332  
ROYCE    332C,ROYCE   |  00332C 
ROYCE    334C,ROYCE   |  00334C 
ROYCE    342,ROYCE   |  00342  
ROYCE    362,ROYCE   |  00362  
SAC      120P,SAC     |  00120P 
SAC      215,SAC     |  00215  
SAC      304,SAC     |  00304  
SAC      B1,SAC     | B00001  
SAC      B2,SAC     | B00002  
SAC      B3,SAC     | B00003  
SAC      B5,SAC     | B00005  
SAC      B20B,SAC     | B00020B 
SEMEL    17364,SEMEL   |  17364  
SEMEL    17416,SEMEL   |  17416  
SEMEL    18250,SEMEL   |  18250  
SEMEL    27418,SEMEL   |  27418  
SEMEL    28181,SEMEL   |  28181  
SEMEL    28221,SEMEL   |  28221  
SEMEL    37413,SEMEL   |  37413  
SEMEL    37415,SEMEL   |  37415  
SEMEL    37417,SEMEL   |  37417  
SEMEL    67415,SEMEL   |  67415  
SEMEL    68238,SEMEL   |  68238  
SEMEL    78233,SEMEL   |  78233  
SEMEL    A8221,SEMEL   | A08221  
SEMEL    B8225,SEMEL   | B08225  
SEMEL    C8177,SEMEL   | C08177  
SEMEL    C8183H,SEMEL   | C08183H 
SEMEL    C8639,SEMEL   | C08639  
SLICHTR  2834,SLICHTR |  02834  
SLICHTR  2870,SLICHTR |  02870  
SLICHTR  3871,SLICHTR |  03871  
SMB      1100,SMB     |  01100  
SMB      1102F,SMB     |  01102F 
SMB      1102M,SMB     |  01102M 
SMB      1200,SMB     |  01200  
SMB      1230,SMB     |  01230  
SMB      1325,SMB     |  01325  
SMB      1343,SMB     |  01343  
SMB      1344,SMB     |  01344  
SMB      1345,SMB     |  01345  
SMB      1354,SMB     |  01354  
SMB      1402,SMB     |  01402  
SMB      1420,SMB     |  01420  
SMB      1421,SMB     |  01421  
SMB      1439,SMB     |  01439  
SMB      1440,SMB     |  01440  
SMB      1535,SMB     |  01535  
SMB      1630A,SMB     |  01630A 
SMB      1659,SMB     |  01659  
SMB      1818,SMB     |  01818  
SMB      1846,SMB     |  01846  
SMB      2449,SMB     |  02449  
SMB      2646,SMB     |  02646  
SMB      B425,SMB     | B00425  
SMB      B429,SMB     | B00429  
SMB      B431,SMB     | B00431  
SMB      B544,SMB     | B00544  
SMB      B648,SMB     | B00648  
SMB      B665A,SMB     | B00665A 
SMB      B674,SMB     | B00674  
SMB      B686,SMB     | B00686  
SPROUL   110A,SPROUL  |  00110A 
TERASKI  1100,TERASKI |  01100  
WASSRMN  437,WASSRMN |  00437  
WGYOUNG  1033,WGYOUNG |  01033  
WGYOUNG  1039,WGYOUNG |  01039  
WGYOUNG  1044,WGYOUNG |  01044  
WGYOUNG  1049,WGYOUNG |  01049  
WGYOUNG  1067,WGYOUNG |  01067  
WGYOUNG  1077,WGYOUNG |  01077  
WGYOUNG  1089,WGYOUNG |  01089  
WGYOUNG  1096,WGYOUNG |  01096  
WGYOUNG  1110,WGYOUNG |  01110  
WGYOUNG  1111,WGYOUNG |  01111  
WGYOUNG  1336,WGYOUNG |  01336  
WGYOUNG  1337,WGYOUNG |  01337  
WGYOUNG  1340,WGYOUNG |  01340  
WGYOUNG  1343,WGYOUNG |  01343  
WGYOUNG  1370,WGYOUNG |  01370  
WGYOUNG  1379,WGYOUNG |  01379  
WGYOUNG  2033,WGYOUNG |  02033  
WGYOUNG  2050,WGYOUNG |  02050  
WGYOUNG  2200,WGYOUNG |  02200  
WGYOUNG  2336,WGYOUNG |  02336  
WGYOUNG  2337,WGYOUNG |  02337  
WGYOUNG  2343,WGYOUNG |  02343  
WGYOUNG  2370,WGYOUNG |  02370  
WGYOUNG  2379,WGYOUNG |  02379  
WGYOUNG  3047,WGYOUNG |  03047  
WGYOUNG  3064,WGYOUNG |  03064  
WGYOUNG  3069,WGYOUNG |  03069  
WGYOUNG  3085B,WGYOUNG |  03085B 
WGYOUNG  3096,WGYOUNG |  03096  
WGYOUNG  3336,WGYOUNG |  03336  
WGYOUNG  3337,WGYOUNG |  03337  
WGYOUNG  3340,WGYOUNG |  03340  
WGYOUNG  3370,WGYOUNG |  03370  
WGYOUNG  4067,WGYOUNG |  04067  
WGYOUNG  4085F,WGYOUNG |  04085F 
WGYOUNG  4216,WGYOUNG |  04216  
WGYOUNG  4232,WGYOUNG |  04232  
WGYOUNG  4335,WGYOUNG |  04335  
WGYOUNG  4336,WGYOUNG |  04336  
WGYOUNG  4340,WGYOUNG |  04340  
WGYOUNG  4341,WGYOUNG |  04341  
WGYOUNG  4346,WGYOUNG |  04346  
WGYOUNG  4350,WGYOUNG |  04350  
WGYOUNG  5076,WGYOUNG |  05076  
WGYOUNG  6072,WGYOUNG |  06072  
WGYOUNG  6073,WGYOUNG |  06073  
WGYOUNG  6085,WGYOUNG |  06085  
WGYOUNG  6086,WGYOUNG |  06086  
WGYOUNG  6096,WGYOUNG |  06096  
WGYOUNG  6110,WGYOUNG |  06110  
WGYOUNG  CS24,WGYOUNG |CS00024  
WGYOUNG  CS50,WGYOUNG |CS00050  
WGYOUNG  CS76,WGYOUNG |CS00076  
WOODEN   1402,WOODEN  |  01402  
WOODEN   2320,WOODEN  |  02320  
YRL      11360,YRL     |  11360  
YRL      11630F,YRL     |  11630F 
YRL      11630L,YRL     |  11630L 
YRL      23167,YRL     |  23167  
YRL      A1713A,YRL     | A01713A 
